{
  "rouge-1": {
    "r": 0.26407709053670037,
    "p": 0.2877853077104891,
    "f": 0.26781229037550636
  },
  "rouge-2": {
    "r": 0.10693486839149408,
    "p": 0.11437610907613378,
    "f": 0.10729449644877984
  },
  "rouge-l": {
    "r": 0.23538650694597602,
    "p": 0.25684291444087426,
    "f": 0.2387562234261142
  }
}