{
    "rouge-1": {
      "r": 0.2640604443320291,
      "p": 0.28730152192310277,
      "f": 0.2676451972572206
    },
    "rouge-2": {
      "r": 0.10681147398787866,
      "p": 0.11427680731262975,
      "f": 0.10720423169168201
    },
    "rouge-l": {
      "r": 0.23509835260105805,
      "p": 0.25623069412443816,
      "f": 0.23839338930197912
    }
  }