{
    "rouge-1": {
      "r": 0.21281206900701627,
      "p": 0.2284373781376273,
      "f": 0.21404154132320766
    },
    "rouge-2": {
      "r": 0.07063518200194874,
      "p": 0.07328727638375644,
      "f": 0.06970194574780118
    },
    "rouge-l": {
      "r": 0.1870564684815534,
      "p": 0.20112626996524444,
      "f": 0.1881271794449276
    }
  }