{
    "rouge-1": {
      "r": 0.2630963714328098,
      "p": 0.28798285722048284,
      "f": 0.2671515507796844
    },
    "rouge-2": {
      "r": 0.10610407236095593,
      "p": 0.11352894871380634,
      "f": 0.10639611307551593
    },
    "rouge-l": {
      "r": 0.23426634441952354,
      "p": 0.25668168095865296,
      "f": 0.23789941496800382
    }
  }