{
  "rouge-1": {
    "r": 0.2603604528924125,
    "p": 0.28548038679001453,
    "f": 0.2647163815028059
  },
  "rouge-2": {
    "r": 0.10335012938951414,
    "p": 0.1110641416638115,
    "f": 0.10392640413542972
  },
  "rouge-l": {
    "r": 0.23206792789055677,
    "p": 0.25458935859995757,
    "f": 0.235862009306181
  }
}