{
  "rouge-1": {
    "r": 0.21125561661125367,
    "p": 0.22209646147313056,
    "f": 0.21076846521433823
  },
  "rouge-2": {
    "r": 0.070949169778843,
    "p": 0.07216199923526033,
    "f": 0.06944823882961002
  },
  "rouge-l": {
    "r": 0.18682006698484682,
    "p": 0.1967309316444408,
    "f": 0.18643077388145876
  }
}