{
    "rouge-1": {
      "r": 0.24147558557921361,
      "p": 0.2832187407209287,
      "f": 0.25300038173248784
    },
    "rouge-2": {
      "r": 0.09147655918976776,
      "p": 0.10330353405174567,
      "f": 0.09409588940407283
    },
    "rouge-l": {
      "r": 0.21656799543813937,
      "p": 0.25410903536513596,
      "f": 0.22685177681867205
    }
  }