{
    "rouge-1": {
      "r": 0.20389686429299794,
      "p": 0.216065935395145,
      "f": 0.20434198047394822
    },
    "rouge-2": {
      "r": 0.06580539353910245,
      "p": 0.06785421446610174,
      "f": 0.06492315143123334
    },
    "rouge-l": {
      "r": 0.1806902690047456,
      "p": 0.1914504974994329,
      "f": 0.18099740390303012
    }
  }