{
    "rouge-1": {
      "r": 0.26400138383868776,
      "p": 0.28611805367604154,
      "f": 0.26712896316805973
    },
    "rouge-2": {
      "r": 0.10690542885200767,
      "p": 0.1139776817296055,
      "f": 0.10712994576116584
    },
    "rouge-l": {
      "r": 0.23514464640248067,
      "p": 0.25522352293516876,
      "f": 0.23798910687735228
    }
  }