{
  "rouge-1": {
    "r": 0.23003539806324397,
    "p": 0.2826748576372648,
    "f": 0.24279361059723373
  },
  "rouge-2": {
    "r": 0.088697830595395,
    "p": 0.10610076246193835,
    "f": 0.09211196744398059
  },
  "rouge-l": {
    "r": 0.20664539103888963,
    "p": 0.2553464342466869,
    "f": 0.21878910643953875
  }
}