{
  "rouge-1": {
    "r": 0.23809959740151776,
    "p": 0.26915383397895265,
    "f": 0.24564761274960284
  },
  "rouge-2": {
    "r": 0.08796981199415226,
    "p": 0.09550654334753741,
    "f": 0.08883279947197281
  },
  "rouge-l": {
    "r": 0.21117485381512077,
    "p": 0.23902379755652198,
    "f": 0.21789792524409562
  }
}